"","inc1.male_fit","inc2.male_fit","inc3.4.male_fit","incidence.rate.male_fit","LG.male_fit","BC.death.male_fit","inc1.fem_fit","inc2.fem_fit","inc3.4.fem_fit","incidence.rate.fem_fit","LG.fem_fit","BC.death.female_fit"
"1",-352368.436706527,-2662063.16775048,-5097190.76359805,-5460904.96243665,-8085121.93895704,-7819375.2744579,-181961.123266114,-322470.807654333,-4359284.81024737,-2697617.99018106,-11020420.6035219,-3626077.99527325
"2",-3259057.4369671,-8788274.34125643,-40422969.4798936,-45356412.0682383,-2585264.91524088,-58275571.8227413,-3180125.90186397,-11997241.1277327,-60453161.405409,-57276384.0400033,-15387784.5770978,-86853001.2658951
"3",NA,NA,NA,NA,NA,NA,NA,NA,NA,NA,NA,NA
