"","P.onset","P.onset_low.risk","P.onset_age","RR.onset_sex","P.sympt.diag_LGBC","P.sympt.diag_A_HGBC","P.sympt.diag_B_HGBC","P.sympt.diag_Age80_HGBC","C.age.80.undiag.mort","shape.t.StI.StII","shape.t.StII.StIII","shape.t.StIII.StIV"
"1",0.000411284141435777,0.407718350436868,1.10400885704354,1.08220263031745,0.0284588937483378,0.00760585376643985,1.89688290973931,0.867872785716909,-0.0763405685287058,1.38082970363846,1.24031592425383,1.19255150710657
"2",0.000998920457092569,0.333784056065391,1.07137838534445,1.81683146505988,0.0632578735112067,0.10842304842756,1.31207823460625,0.947392781284335,-0.26575163385862,1.15207558908249,1.26286280523589,1.26248959317869
