"","P.onset","P.onset_low.risk","P.onset_age","P.onset_sex","P.sympt.diag_LGBC","P.sympt.diag_A_HGBC","P.sympt.diag_B_HGBC","P.sympt.diag_Age80_HGBC","C.age.80.undiag.mort","RR.All.Death.no_smoke","shape.t.StI.StII","shape.t.StII.StIII","shape.t.StIII.StIV"
"1",0.000966690700956077,0.568195865330769,1.07488079198175,1.65889415074916,0.0581843216295833,0.135306390211389,1.14371166761779,0.855020138363863,-0.0167590784628926,0.487190871152336,1.12680923065667,1.24589249390309,1.4329612145901
"2",0.000135060079672955,0.156103760610082,1.18287222434846,1.34346820010456,0.0230791808972453,0.0173087398320323,1.68191211925689,0.944223862746396,-0.271144056412849,0.370839912302645,1.44842308373004,1.49423255352661,1.07693313508809
"3",0.000376712090202867,0.430926029787542,1.00619539321431,1.03133888972073,0.0885604612697481,0.0758596607294111,1.55820612029488,0.982173386482071,-0.170467506129584,0.753718432375874,1.28571515628573,1.07888583189069,1.17125327722651
