"","P.onset","P.onset_age","P.onset_sex","P.sympt.diag_LGBC","P.sympt.diag_A_HGBC","P.sympt.diag_B_HGBC","P.sympt.diag_Age80_HGBC","C.age.80.undiag.mort","RR.All.Death.no_smoke","shape.t.StI.StII","shape.t.StII.StIII","shape.t.StIII.StIV"
"1",0.000976367477436681,1.07003013085927,1.1534010784934,0.053969850674354,0.153597004803754,1.43533166522166,0.514459639876756,-0.082154071213572,0.779134269706248,1.13508088288222,1.09349547385865,1.0424470857683
"2",0.000311748326228239,1.05828880102182,1.11239654576599,0.044480200092368,0.0774204790108394,1.54748459084816,0.989611731280861,-0.0740262381083349,0.807313779267428,1.06514589739349,1.01208754563951,1.1847631878049
"3",0.000115238997719358,1.04710044200782,1.35661291220193,0.0791686367842081,0.0892022318702224,1.14655797383842,0.867619530158667,-0.0534483511460146,0.69174898832659,1.03858682752885,1.11626685533402,1.17308882148787
"4",0.000631239721570336,1.01111300931468,1.43047069040274,0.0385238485443896,0.117297286021718,1.25245120302567,0.756308217081732,-0.0940910118264566,0.936996187961243,1.12087270253257,1.18891641988288,1.10507857538902
"5",0.000825936015718807,1.0337179313233,1.27004704291571,0.0160433135251827,0.0160840708943984,1.44305984201875,0.651035368422828,-0.0354049069979742,0.606475580201233,1.16268098503989,1.1538962771817,1.01728306352321
"6",0.000413757094871014,1.09497745053943,1.48610030036224,0.0651125785960854,0.128893764844957,1.34385399685861,0.743475272833686,-0.0270750494991919,0.877972316692057,1.00331982731063,1.03710012276647,1.05650711830915
"7",0.000211316254501005,1.01415824559095,1.03756788184308,0.0260868091829893,0.0389259568122446,1.04038928845571,0.603519308213614,-0.0602397719837312,0.968118960226419,1.09815503997827,1.07294796564714,1.09768933406711
"8",0.000502051224226488,1.08057778775602,1.22434915360459,0.0927307062525912,0.187739598912265,1.66991837636725,0.918300088860308,-0.0180956631235657,0.713694056114383,1.19441620992827,1.13555213904205,1.13883920998649
